-- phpMyAdmin SQL Dump
-- version 4.5.1
-- http://www.phpmyadmin.net
--
-- Servidor: 127.0.0.1
-- Tiempo de generación: 29-03-2017 a las 22:33:51
-- Versión del servidor: 5.7.10-log
-- Versión de PHP: 5.6.15

SET FOREIGN_KEY_CHECKS=0;
SET SQL_MODE = "NO_AUTO_VALUE_ON_ZERO";
SET time_zone = "+00:00";


/*!40101 SET @OLD_CHARACTER_SET_CLIENT=@@CHARACTER_SET_CLIENT */;
/*!40101 SET @OLD_CHARACTER_SET_RESULTS=@@CHARACTER_SET_RESULTS */;
/*!40101 SET @OLD_COLLATION_CONNECTION=@@COLLATION_CONNECTION */;
/*!40101 SET NAMES utf8mb4 */;

--
-- Base de datos: `contactos`
--
CREATE DATABASE IF NOT EXISTS `contactos` DEFAULT CHARACTER SET utf8 COLLATE utf8_general_ci;
USE `contactos`;

-- --------------------------------------------------------

--
-- Estructura de tabla para la tabla `ciudades`
--

DROP TABLE IF EXISTS `ciudades`;
CREATE TABLE IF NOT EXISTS `ciudades` (
  `id` int(11) NOT NULL AUTO_INCREMENT COMMENT 'Id',
  `ciudad` varchar(50) NOT NULL COMMENT 'Ciudad',
  `codigo_pais` char(2) NOT NULL COMMENT 'Código País',
  PRIMARY KEY (`id`),
  KEY `codigo_pais` (`codigo_pais`),
  KEY `ciudad` (`ciudad`)
) ENGINE=InnoDB DEFAULT CHARSET=utf8 PACK_KEYS=0 ROW_FORMAT=COMPACT;

--
-- RELACIONES PARA LA TABLA `ciudades`:
--   `codigo_pais`
--       `paises` -> `codigo`
--

--
-- Volcado de datos para la tabla `ciudades`
--

INSERT INTO `ciudades` (`id`, `ciudad`, `codigo_pais`) VALUES
(1, 'Cape Town', 'ZA'),
(35, 'Port-gentil', 'GA'),
(36, 'Maputo', 'MZ'),
(63, 'Tema', 'GH'),
(73, 'Tunis', 'TN'),
(76, 'Mohammadia', 'MA'),
(116, 'Lagos', 'NG'),
(119, 'Khartoum', 'SD'),
(121, 'Lusaka', 'ZM'),
(137, 'Arusha', 'TZ'),
(152, 'Antananarivo', 'MG'),
(237, 'Roma', 'LS'),
(275, 'Blantyre', 'MW'),
(301, 'Ouagadougou', 'BF'),
(603, 'Carolina', 'PR'),
(2270, 'Oelde', 'DE'),
(6393, 'Stockholm', 'SE'),
(6414, 'Central District', 'HK'),
(6425, 'Shanghai', 'CN'),
(6529, 'Caracas', 'VE'),
(6552, 'Milan', 'IT'),
(6577, 'Vienna', 'AT'),
(6599, 'Kingston', 'JM'),
(6603, 'Santiago', 'CL'),
(6606, 'Addis Ababa', 'ET'),
(6608, 'Santo Domingo', 'DO'),
(6611, 'Lima', 'PE'),
(6735, 'Singapore', 'SG'),
(6878, 'Pichincha', 'EC'),
(6881, 'Bogotá', 'CO'),
(6915, 'Freetown', 'SL'),
(7311, 'San José', 'CR'),
(7312, 'São Paulo', 'BR'),
(7350, 'Basseterre', 'KN'),
(7382, 'Reykjavík', 'IS'),
(7609, 'Dunedin', 'NZ'),
(7617, 'Port-au-prince', 'HT'),
(7682, 'Taipei', 'TW'),
(7723, 'Bucharest', 'RO'),
(7828, 'Grand Turk', 'TC'),
(7830, 'Riyadh', 'SA'),
(7836, 'Beirut', 'LB'),
(7839, 'Muscat', 'OM'),
(7912, 'Paramaribo', 'SR'),
(7965, 'Conakry', 'GN'),
(7991, 'Mashad', 'IR'),
(8289, 'Sengkurong', 'BN'),
(8303, 'Viña Del Mar', 'CL'),
(9651, 'Gibraltar', 'GI'),
(10057, 'Nouméa', 'NC'),
(10092, 'Macau', 'MO'),
(10156, 'Valparaíso', 'CL'),
(10177, 'San Antonio', 'CL'),
(10440, 'Bissau', 'GW'),
(10710, 'Avarua', 'CK'),
(10871, 'Valdivia', 'CL'),
(10998, 'Kabul', 'AF'),
(11292, 'Puerto Montt', 'CL'),
(11620, 'Talca', 'CL'),
(11643, 'Algarrobo', 'CL'),
(11657, 'Majuro', 'MH'),
(11958, 'Havana', 'CU'),
(12039, 'Tashkent', 'UZ'),
(12292, 'Kigali', 'RW'),
(12350, 'Vila', 'VU'),
(13257, 'Concepción', 'CL'),
(13259, 'Chuquicamata', 'CL'),
(13260, 'Providencia', 'CL'),
(13275, 'Rinconada', 'CL'),
(13282, 'Temuco', 'CL'),
(13283, 'Los Andes', 'CL'),
(13308, 'El Salvador', 'CL'),
(13309, 'Maipú', 'CL'),
(13417, 'Talcahuano', 'CL'),
(13418, 'Calama', 'CL'),
(13430, 'Antofagasta', 'CL'),
(13486, 'El Salto', 'CL'),
(13487, 'Carrera', 'CL'),
(13551, 'Iquique', 'CL'),
(14265, 'Bellavista', 'CL'),
(14386, 'El Rosal', 'CL'),
(14387, 'La Serena', 'CL'),
(14388, 'Calera', 'CL'),
(14389, 'Quilpué', 'CL'),
(14390, 'Chillán', 'CL'),
(14391, 'San Felipe', 'CL'),
(14392, 'Arica', 'CL'),
(14393, 'Melipilla', 'CL'),
(14394, 'Coquimbo', 'CL'),
(14395, 'Los Ángeles', 'CL'),
(14396, 'San Fernando', 'CL'),
(14397, 'Copiapó', 'CL'),
(14409, 'Punta Arenas', 'CL'),
(14493, 'Osorno', 'CL'),
(14494, 'Cunco', 'CL'),
(14495, 'Angol', 'CL'),
(14496, 'Purén', 'CL'),
(14576, 'Villarrica', 'CL'),
(14589, 'San Bernardo', 'CL'),
(14601, 'Manzano', 'CL'),
(14602, 'Linares', 'CL'),
(14603, 'Diego De Almagro', 'CL'),
(14676, 'Peñalolén', 'CL'),
(14709, 'Miraflores', 'CL'),
(14731, 'Colina', 'CL'),
(14795, 'Vitacura', 'CL'),
(14796, 'Quilicura', 'CL'),
(14797, 'Macul', 'CL'),
(14831, 'Petropavlovsk', 'KZ'),
(16741, 'Fontvieille', 'MC'),
(16994, 'Andorra La Vella', 'AD'),
(18445, 'Concón', 'CL'),
(20911, 'Constitución', 'CL'),
(21341, 'Waigani', 'PG'),
(22167, 'Cerrillos', 'CL'),
(22972, 'La Clairière', 'MQ'),
(23802, 'Falciano', 'SM'),
(31165, 'Moroni', 'KM'),
(31899, 'Compañia', 'CL'),
(68873, 'Vientiane', 'LA'),
(68904, 'Suva', 'FJ'),
(70253, 'Thimphu', 'BT'),
(70639, 'Yangon', 'MM'),
(84174, 'Ancud', 'CL'),
(84178, 'Buin', 'CL'),
(84179, 'Paine', 'CL'),
(101591, 'Rancagua', 'CL'),
(101592, 'Lampa', 'CL'),
(101593, 'Coihaique', 'CL'),
(102554, 'Calbuco', 'CL'),
(102555, 'Panguipulli', 'CL'),
(102556, 'Las Quemas Del Salto', 'CL'),
(102602, 'Villa Alemana', 'CL'),
(102603, 'Montt', 'CL'),
(102604, 'Cabildo', 'CL'),
(102605, 'Puerto Varas', 'CL'),
(102606, 'Coronel', 'CL'),
(102607, 'Chiguayante', 'CL'),
(102642, 'El Monte', 'CL'),
(102643, 'Quillota', 'CL'),
(102644, 'San Vicente', 'CL'),
(102645, 'Lota', 'CL'),
(102646, 'Traiguén', 'CL'),
(102647, 'Penco', 'CL'),
(102648, 'Peñaflor', 'CL'),
(102650, 'Laja', 'CL'),
(102837, 'Curicó', 'CL'),
(102890, 'Parral', 'CL'),
(102891, 'Padre Hurtado', 'CL'),
(103019, 'Talagante', 'CL'),
(103020, 'Yumbel', 'CL'),
(103021, 'Arauco', 'CL'),
(103022, 'Limache', 'CL'),
(103023, 'Llaillay', 'CL'),
(103024, 'San Javier', 'CL'),
(103025, 'Chimbarongo', 'CL'),
(103026, 'Tambillo', 'CL'),
(103027, 'Ovalle', 'CL'),
(103042, 'Purranque', 'CL'),
(103043, 'La Unión', 'CL'),
(103044, 'Río Bueno', 'CL'),
(103045, 'Santa María Línea', 'CL'),
(103046, 'Loncoche', 'CL'),
(103047, 'San José De La Mariquina', 'CL'),
(103993, 'Lautaro', 'CL'),
(105018, 'Neiafu', 'TO'),
(121415, 'La Ligua', 'CL'),
(131720, 'Vailala', 'WF'),
(148908, 'Quepe', 'CL'),
(153886, 'Gorbea', 'CL'),
(219684, 'Cipoletti', 'AR'),
(220772, 'Flying Fish Cove', 'CX');

-- --------------------------------------------------------

--
-- Estructura de tabla para la tabla `contactos`
--

DROP TABLE IF EXISTS `contactos`;
CREATE TABLE IF NOT EXISTS `contactos` (
  `id` int(11) NOT NULL AUTO_INCREMENT COMMENT 'Id',
  `pais` varchar(2) NOT NULL COMMENT 'País',
  `dni` varchar(25) NOT NULL COMMENT 'DNI',
  `nombres` varchar(50) NOT NULL COMMENT 'Nombres',
  `apellido_paterno` varchar(40) NOT NULL COMMENT 'Apellido Paterno',
  `apellido_materno` varchar(40) DEFAULT NULL COMMENT 'Apellido Materno',
  `ciudad` int(11) NOT NULL COMMENT 'Ciudad',
  `direccion` varchar(100) DEFAULT NULL COMMENT 'Dirección',
  `fono` varchar(25) DEFAULT NULL COMMENT 'Fono',
  `email` varchar(255) DEFAULT NULL COMMENT 'email',
  `fecha_nacimiento` date DEFAULT NULL COMMENT 'Fecha Nacimiento',
  `activo` tinyint(1) NOT NULL DEFAULT '0' COMMENT 'Activo',
  PRIMARY KEY (`id`),
  UNIQUE KEY `pais_dni` (`pais`,`dni`) USING BTREE,
  KEY `pais` (`pais`),
  KEY `ciudad` (`ciudad`)
) ENGINE=InnoDB DEFAULT CHARSET=utf8 PACK_KEYS=0 ROW_FORMAT=COMPACT;

--
-- RELACIONES PARA LA TABLA `contactos`:
--   `pais`
--       `paises` -> `codigo`
--   `ciudad`
--       `ciudades` -> `id`
--

--
-- Volcado de datos para la tabla `contactos`
--

INSERT INTO `contactos` (`id`, `pais`, `dni`, `nombres`, `apellido_paterno`, `apellido_materno`, `ciudad`, `direccion`, `fono`, `email`, `fecha_nacimiento`, `activo`) VALUES
(1, 'CL', '29822643-K', 'Tatiana', 'Gardner', 'Romero', 6603, NULL, '16370728 6435', 'Praesent.luctus@mauris.com', '1996-05-17', 1),
(2, 'CL', '9158494-8', 'Jamal', 'Lowe', 'Sampson', 8303, NULL, '16960618 7731', 'metus.facilisis@nondapibusrutrum.com', '1975-07-21', 1),
(3, 'CL', '9381313-8', 'Camden', 'Fuentes', 'Parrish', 10156, NULL, '16021117 2291', 'sed.leo@NuncmaurisMorbi.net', '1997-07-19', 1),
(4, 'CL', '13887469-9', 'Emerson', 'Curtis', 'Church', 10177, NULL, '16480830 0273', 'facilisis.lorem@maurisanunc.com', '1976-03-22', 1),
(5, 'CL', '16540681-8', 'Yetta', 'Kirkland', 'Carrillo', 10871, NULL, '16710328 4449', 'Vivamus.nisi@Ut.edu', '1981-05-14', 1),
(6, 'CL', '48767693-4', 'Brenna', 'Stevenson', 'Lynn', 11292, NULL, '16430424 7630', 'ultrices.Duis.volutpat@dui.com', '1976-08-15', 1),
(7, 'CL', '2242998-1', 'Heriberto', 'Seiffert', 'Frenz', 153886, NULL, NULL, NULL, '1924-10-10', 0),
(8, 'CL', '8196197-2', 'Azalia', 'Trevino', 'Baxter', 11620, NULL, '16940220 3260', 'parturient.montes@magnaCrasconvallis.net', '1997-02-03', 1),
(9, 'CL', '45034113-4', 'Phyllis', 'Landry', 'Eaton', 11643, NULL, '16590807 9568', 'Phasellus.nulla.Integer@posuerevulputate.net', '1960-11-22', 1),
(10, 'CL', '45486393-3', 'Madeline', 'Stein', 'Barber', 13257, NULL, '16560626 0411', 'Quisque@Duis.co.uk', '1970-04-24', 1),
(11, 'CL', '11728416-6', 'Janna', 'Summers', 'Carroll', 13259, NULL, '16750203 6291', 'volutpat@etrutrumeu.org', '1969-12-06', 1),
(12, 'CL', '36433328-5', 'Victoria', 'Willis', 'Mathews', 13260, NULL, '16451010 9285', 'libero.Morbi@arcuimperdietullamcorper.org', '1973-06-29', 1),
(13, 'CL', '24356464-6', 'Maia', 'Bradford', 'Vazquez', 13275, NULL, '16551202 3614', 'Donec.est.Nunc@faucibus.co.uk', '2000-01-06', 1),
(14, 'CL', '15696741-6', 'Doris', 'Rutledge', 'Hopper', 13282, NULL, '16760107 3088', 'justo@egestasFuscealiquet.net', '1989-02-22', 1),
(15, 'CL', '16442473-1', 'Jakeem', 'Cochran', 'Wilkerson', 13283, NULL, '16400625 4694', 'eu.euismod.ac@et.ca', '1972-12-15', 1),
(16, 'CL', '12469223-7', 'Mannix', 'Guzman', 'Osborn', 13308, NULL, '16620707 3948', 'egestas.Aliquam.nec@nuncIn.org', '2000-11-03', 1),
(17, 'CL', '21913038-4', 'Judith', 'Barra', 'Meyer', 13309, NULL, '16930730 0146', 'eu.eleifend.nec@ultricies.com', '1988-09-19', 1),
(18, 'CL', '6948667-3', 'Emily', 'Delgado', 'Mcconnell', 13417, NULL, '16070819 5094', 'pede@dictumultricies.edu', '1995-07-11', 1),
(19, 'CL', '5282208-4', 'Ali', 'Nelson', 'Ramos', 13418, NULL, '16141101 4275', 'nec@erosNam.co.uk', '1981-12-31', 1),
(20, 'CL', '26670974-9', 'Nevada', 'Martinez', 'Lowery', 13430, NULL, '16450818 7822', 'lobortis.quam.a@non.ca', '1977-02-15', 1),
(21, 'CL', '37954038-4', 'Whilemina', 'Lester', 'Carver', 13486, NULL, '16950815 1082', 'eu.placerat.eget@utmolestiein.net', '1981-03-05', 1),
(22, 'CL', '29825274-0', 'Brynne', 'Golden', 'Campbell', 13487, NULL, '16100214 0612', 'erat.volutpat.Nulla@nibhPhasellus.org', '1984-09-08', 1),
(23, 'CL', '40114738-1', 'Thaddeus', 'Albert', 'Velasquez', 13551, NULL, '16921211 0077', 'justo.faucibus.lectus@Etiamlaoreet.org', '1991-11-27', 1),
(24, 'CL', '48716530-1', 'Ulric', 'Holt', 'Andrews', 14265, NULL, '16090511 8816', 'ipsum.sodales@egetlaoreetposuere.edu', '1950-10-16', 1),
(25, 'CL', '20007324-K', 'Gemma', 'Bond', 'Moody', 14386, NULL, '16180801 5299', 'eu.metus@imperdieterat.co.uk', '1991-10-29', 1),
(26, 'CL', '38971295-7', 'Lareina', 'Zamora', 'Stafford', 14387, NULL, '16441201 7701', 'augue@fringillaest.ca', '1963-04-29', 1),
(27, 'CL', '10507242-2', 'Darrel', 'Alford', 'Good', 14388, NULL, '16880722 3469', 'mus.Proin@commodoauctorvelit.org', '1997-06-11', 1),
(28, 'CL', '13550158-1', 'Ethan', 'Berry', 'Spence', 14389, NULL, '16420328 6390', 'ac.fermentum.vel@nunc.edu', '1984-01-13', 1),
(29, 'CL', '36115692-7', 'Sigourney', 'Downs', 'Rose', 14390, NULL, '16800227 7989', 'sapien.Cras.dolor@noncursus.edu', '1991-02-25', 1),
(30, 'CL', '8742846-K', 'Regan', 'Moon', 'Emerson', 14391, NULL, '16750113 1325', 'velit.in@velarcueu.net', '1950-04-11', 1),
(31, 'CL', '7230935-9', 'Tyler', 'Mcdaniel', 'Harvey', 14392, NULL, '16410101 9406', 'cursus.non.egestas@magnaseddui.edu', '1970-12-14', 1),
(32, 'CL', '29051177-1', 'Kerry', 'Cervantes', 'Wood', 14393, NULL, '16420615 1401', 'neque@acorci.co.uk', '1986-08-02', 1),
(33, 'CL', '28430231-1', 'Rina', 'Le', 'Valencia', 14394, NULL, '16091106 3923', 'semper@vitaenibhDonec.net', '1986-04-11', 1),
(34, 'CL', '50261040-6', 'Chester', 'Franks', 'Hopper', 14395, NULL, '16601030 4761', 'consectetuer.adipiscing@Morbi.edu', '1984-01-01', 1),
(35, 'CL', '6806211-K', 'Donovan', 'Cook', 'Horton', 14396, NULL, '16390917 4405', 'rhoncus@bibendumsed.com', '2000-02-01', 1),
(36, 'CL', '39561727-3', 'Whitney', 'Booker', 'Cannon', 14397, NULL, '16491116 5019', 'Aliquam.erat.volutpat@risus.edu', '1966-03-29', 1),
(37, 'CL', '6695566-4', 'Axel', 'Cummings', 'Padilla', 14409, NULL, '16470914 1354', 'tempus@cursus.ca', '1973-07-28', 1),
(38, 'CL', '36268795-0', 'Ulric', 'Hebert', 'Grant', 14493, NULL, '16040521 3190', 'eu@nibh.com', '1978-07-06', 1),
(39, 'CL', '50019865-6', 'Gillian', 'Osborne', 'Suarez', 14494, NULL, '16840222 1371', 'rhoncus.Donec@estmaurisrhoncus.org', '1968-08-18', 1),
(40, 'CL', '10698162-0', 'Berk', 'Berry', 'Hoover', 14495, NULL, '16070204 3597', 'libero@utaliquamiaculis.com', '1987-02-15', 1),
(41, 'CL', '47503360-4', 'Jonah', 'Mclaughlin', 'Carson', 14496, NULL, '16600930 8534', 'Aliquam.nisl@sitametante.com', '1973-01-07', 1),
(42, 'CL', '8413355-8', 'Brett', 'Singleton', 'Manning', 14576, NULL, '16221215 0235', 'sapien.gravida.non@Donecfringilla.ca', '1956-07-13', 1),
(43, 'CL', '36954300-8', 'Ebony', 'Reilly', 'Holloway', 14589, NULL, '16710507 4947', 'Nunc.ut@fringilla.com', '1960-03-31', 1),
(44, 'CL', '16086014-6', 'Hashim', 'Sullivan', 'Guerrero', 14601, NULL, '16161002 8548', 'lorem.vitae@semperduilectus.org', '1965-04-07', 1),
(45, 'CL', '44756560-9', 'Dexter', 'Ewing', 'Meadows', 14602, NULL, '16001115 2824', 'ultrices.Vivamus@lectus.co.uk', '1962-07-04', 1),
(46, 'CL', '46186925-4', 'Knox', 'Miller', 'Clark', 14603, NULL, '16850220 4087', 'eu.eleifend@Phasellus.net', '1951-10-19', 1),
(47, 'CL', '36805766-5', 'Rigel', 'Kennedy', 'Nguyen', 14676, NULL, '16281007 5057', 'ac.risus.Morbi@neceleifendnon.ca', '1952-10-01', 1),
(48, 'CL', '10345790-4', 'Wendy', 'Davis', 'White', 14709, NULL, '16820601 5870', 'et.netus.et@neceuismodin.edu', '1950-03-22', 1),
(49, 'CL', '22675771-6', 'Zenaida', 'Emerson', 'Mcguire', 14731, NULL, '16930826 1982', 'Curabitur@Vivamusnon.ca', '1957-11-08', 1),
(50, 'CL', '39087363-8', 'Austin', 'Pennington', 'Lloyd', 14795, NULL, '16261106 5257', 'non@pedesagittisaugue.net', '1981-02-05', 1),
(51, 'CL', '25163788-1', 'Nathan', 'Frazier', 'Blair', 14796, NULL, '16411017 9860', 'et@cursus.org', '1957-08-27', 1),
(52, 'CL', '42388893-8', 'Cameran', 'Sheppard', 'Conway', 14797, NULL, '16600305 9497', 'ac.turpis.egestas@fermentumvel.ca', '1952-07-22', 1),
(53, 'CL', '9260292-3', 'Remedios', 'Vang', 'Jacobs', 18445, NULL, '16260611 8954', 'a.tortor@eget.co.uk', '1965-07-21', 1),
(54, 'CL', '22553964-2', 'Quamar', 'Freeman', 'Barrett', 20911, NULL, '16990103 1667', 'Class@purus.com', '1991-03-29', 1),
(55, 'CL', '9433177-3', 'Shellie', 'Schmidt', 'Conrad', 22167, NULL, '16920830 0005', 'erat.in.consectetuer@MorbivehiculaPellentesque.edu', '1974-05-11', 1),
(56, 'CL', '23931633-6', 'Robin', 'Spears', 'Patterson', 31899, NULL, '16341110 5301', 'libero@inmagna.org', '1965-10-16', 1),
(57, 'CL', '14254791-0', 'Guinevere', 'Santiago', 'Thompson', 14797, NULL, '16280307 6146', 'nec@sitamet.edu', '1952-05-22', 1),
(58, 'CL', '14235517-5', 'Ariana', 'Sparks', 'Roach', 84174, NULL, '16100620 9991', 'egestas.a.scelerisque@malesuadafringilla.org', '1959-03-03', 1),
(59, 'CL', '42907738-9', 'Suki', 'Holt', 'Moody', 84178, NULL, '16100405 2542', 'ornare.sagittis@dui.co.uk', '1992-03-06', 1),
(60, 'CL', '40373055-6', 'Rylee', 'Clements', 'Meadows', 84179, NULL, '16881116 4477', 'eget.ipsum@fermentumfermentumarcu.com', '1967-12-15', 1),
(61, 'CL', '19177745-K', 'Herrod', 'Morrow', 'Rowe', 101591, NULL, '16000429 1597', 'imperdiet.ullamcorper@Sednulla.co.uk', '1988-03-31', 1),
(62, 'CL', '24549220-0', 'Giselle', 'Watson', 'Barker', 101592, NULL, '16570913 0370', 'amet.diam@vitaemaurissit.ca', '1975-08-24', 1),
(63, 'CL', '37100252-9', 'Samson', 'Zimmerman', 'Dorsey', 101593, NULL, '16470606 4187', 'egestas.a@sedorci.co.uk', '1987-05-16', 1),
(64, 'CL', '20296919-4', 'Hammett', 'Ray', 'Barton', 102554, NULL, '16030621 8017', 'mauris.sit@vulputateullamcorper.edu', '1974-07-27', 1),
(65, 'CL', '15147874-3', 'Sawyer', 'Odom', 'Fuentes', 102555, NULL, '16140406 4923', 'sem@etultrices.net', '1961-10-29', 1),
(66, 'CL', '40749404-0', 'Deborah', 'Albornoz', 'Barria', 102556, NULL, '16860925 0850', 'orci@sempercursus.com', '1969-12-14', 1),
(67, 'CL', '37985428-1', 'Martena', 'Noble', 'House', 102602, NULL, '16540203 7831', 'sed@eu.org', '1992-06-30', 1),
(68, 'CL', '17206609-7', 'Tyler', 'Harris', 'Cherry', 102603, NULL, '16090114 1044', 'neque.Morbi.quis@suscipit.com', '1964-02-03', 1),
(69, 'CL', '25734326-K', 'Bertha', 'Alexander', 'Gonzales', 102604, NULL, '16010321 5810', 'a@velitAliquamnisl.com', '1986-03-15', 1),
(70, 'CL', '41426631-2', 'Stone', 'Figueroa', 'Mccarty', 102605, NULL, '16250922 1798', 'lobortis.tellus.justo@fermentumfermentum.co.uk', '1970-04-20', 1),
(71, 'CL', '13537890-9', 'Kennedy', 'Atkinson', 'Morgan', 102606, NULL, '16170626 9485', 'elit@dignissimpharetra.com', '1986-12-29', 1),
(72, 'CL', '26524719-9', 'Jason', 'Spence', 'Scott', 102607, NULL, '16671210 3214', 'auctor.quis.tristique@vulputatemauris.org', '1994-08-16', 1),
(73, 'CL', '33942220-6', 'Lars', 'Mays', 'Brock', 102642, NULL, '16741105 9236', 'ante@aliquamadipiscinglacus.ca', '1952-06-03', 1),
(74, 'CL', '42478492-3', 'Leah', 'Fernandez', 'Velasquez', 102643, NULL, '16101102 6356', 'est.arcu.ac@risusDuis.co.uk', '1975-07-06', 1),
(75, 'CL', '21284079-3', 'Shelby', 'Mcneil', 'Turner', 102644, NULL, '16851020 5225', 'felis.orci@augue.edu', '1975-02-08', 1),
(76, 'CL', '45017560-9', 'Kirby', 'Grimes', 'Berg', 102645, NULL, '16071221 1929', 'id.magna.et@placeratorci.org', '1987-06-21', 1),
(77, 'CL', '33316563-5', 'Briar', 'Delaney', 'Anthony', 102646, NULL, '16930108 8739', 'augue.eu@semmollisdui.net', '1978-06-13', 1),
(78, 'CL', '44518861-1', 'Elmo', 'Humphrey', 'Williamson', 102647, NULL, '16920207 6312', 'lacus.Etiam.bibendum@lacusUtnec.edu', '1964-11-25', 1),
(79, 'CL', '16785487-7', 'Hedwig', 'Bishop', 'Hale', 102648, NULL, '16560601 3497', 'lacus@Aliquamerat.edu', '1977-05-11', 1),
(80, 'CL', '32413859-5', 'Driscoll', 'Duran', 'Stout', 102650, NULL, '16171112 2083', 'risus@elit.co.uk', '1988-07-05', 1),
(81, 'CL', '42887092-1', 'Alvin', 'Tanner', 'Stark', 102837, NULL, '16811122 8329', 'id.blandit@Quisquepurussapien.co.uk', '1957-01-24', 1),
(82, 'CL', '50437582-K', 'Graiden', 'Trevino', 'Browning', 102890, NULL, '16180515 0651', 'interdum@vitaeerat.org', '1993-05-11', 1),
(83, 'CL', '49778456-5', 'Kellie', 'Oliver', 'Norris', 102891, NULL, '16210209 9575', 'ac@nibh.org', '1956-01-10', 1),
(84, 'CL', '20764663-6', 'Rudyard', 'Mueller', 'Sanchez', 103019, NULL, '16661230 9341', 'mauris@nequeseddictum.ca', '1955-06-18', 1),
(85, 'CL', '35621147-2', 'Quin', 'Mckee', 'Stuart', 103020, NULL, '16960619 5445', 'Sed.pharetra.felis@NullainterdumCurabitur.edu', '1981-10-17', 1),
(86, 'CL', '14698240-9', 'Taylor', 'Finley', 'Osborn', 103021, NULL, '16270921 2407', 'vestibulum@a.co.uk', '1953-08-01', 1),
(87, 'CL', '50731335-3', 'Brett', 'Morin', 'Nash', 103022, NULL, '16350615 3174', 'metus@feugiatplaceratvelit.net', '1981-07-19', 1),
(88, 'CL', '18911558-K', 'Jonas', 'Alvarado', 'Brennan', 103023, NULL, '16451023 7789', 'nibh.dolor@ridiculusmusDonec.ca', '1974-01-13', 1),
(89, 'CL', '15106602-K', 'Farrah', 'Johnston', 'Joseph', 103024, NULL, '16910911 7797', 'urna.justo.faucibus@eteros.edu', '1957-08-18', 1),
(90, 'CL', '11631410-K', 'Prescott', 'Sears', 'Jacobs', 103025, NULL, '16340904 2219', 'orci.sem.eget@Crasloremlorem.edu', '1954-11-06', 1),
(91, 'CL', '26597629-8', 'Priscilla', 'Saunders', 'Hodges', 103026, NULL, '16630829 3650', 'dui.Fusce.aliquam@tristique.edu', '1986-06-18', 1),
(92, 'CL', '24364440-2', 'Amber', 'Ramos', 'Cruz', 103027, NULL, '16710701 4883', 'scelerisque@Donecfelisorci.co.uk', '1980-12-20', 1),
(93, 'CL', '20897700-8', 'Noble', 'Mays', 'Swanson', 103042, NULL, '16471101 9218', 'est.Nunc.ullamcorper@velitQuisquevarius.edu', '1951-08-05', 1),
(94, 'CL', '18382147-4', 'Julian', 'Glenn', 'Butler', 103043, NULL, '16931105 6809', 'Phasellus.nulla@rutrum.net', '1950-01-23', 1),
(95, 'CL', '43826962-2', 'Velma', 'Buchanan', 'Cobb', 103044, NULL, '16450725 2072', 'lacus@Suspendisse.org', '1951-09-15', 1),
(96, 'CL', '10246360-9', 'Florence', 'Obrien', 'Hodge', 103045, NULL, '16111121 5404', 'Proin.vel.nisl@nec.edu', '1961-10-19', 1),
(97, 'CL', '21553352-2', 'Keith', 'James', 'Christian', 103046, NULL, '16180620 0026', 'ipsum.Suspendisse.sagittis@Aliquamultrices.ca', '1998-07-22', 1),
(98, 'CL', '32060325-0', 'Oscar', 'Myers', 'Cantrell', 103047, NULL, '16241219 5352', 'scelerisque.neque@pede.com', '1955-05-05', 1),
(99, 'CL', '22575371-7', 'Virginia', 'Beck', 'Moody', 121415, NULL, '16360224 4786', 'Nullam@interdumenim.com', '1978-10-27', 1),
(100, 'CL', '37504091-3', 'Chaney', 'Moody', 'Bright', 103993, NULL, '16390430 5228', 'eget.lacus@felispurus.edu', '1986-09-25', 1),
(128, 'CL', '10923951-8', 'Ricardo', 'Seiffert', 'Reinike', 148908, 'Mahuidache', '77997476', 'rseiffert@gmail.com', '1968-02-16', 1),
(129, 'EC', '16010312-2529', 'Norman', 'Morales', NULL, 6878, '8363 At Street', '16400515 4671', 'penatibus@mus.edu', '1975-11-28', 1),
(130, 'MC', '16291224-6101', 'Zachery', 'Glenn', NULL, 16741, 'Ap #147-4465 Ac Ave', '16011010 6051', 'ligula@justo.org', '1997-08-24', 1),
(131, 'HT', '16010224-5131', 'Allistair', 'Bowman', NULL, 7617, '110-8220 Mus. Rd.', '16710727 0402', 'ullamcorper.eu.euismod@sodalesatvelit.co.uk', '1973-06-05', 1),
(132, 'HK', '16321221-2454', 'Kevyn', 'Serrano', NULL, 6414, 'P.O. Box 365, 6424 Non, St.', '16780525 1597', 'vestibulum.lorem@luctusvulputate.org', '1986-04-09', 1),
(133, 'MH', '16880309-2926', 'Brynne', 'Barber', NULL, 11657, '987-4361 Egestas St.', '16950709 0281', 'arcu.Sed@Pellentesquehabitantmorbi.com', '1977-12-17', 1),
(134, 'ET', '16060716-9851', 'Brianna', 'Bright', NULL, 6606, 'Ap #908-325 Eleifend, St.', '16350221 2206', 'arcu.Aliquam.ultrices@massaQuisqueporttitor.net', '1986-09-05', 1),
(135, 'NZ', '16230321-1458', 'Scarlet', 'Stokes', NULL, 7609, '1033 Aliquam St.', '16990916 2696', 'at.fringilla@NuncmaurisMorbi.net', '1957-07-25', 1),
(136, 'AT', '16500912-1913', 'Jessica', 'Adams', NULL, 6577, 'P.O. Box 163, 4148 Vulputate Road', '16010405 9910', 'nibh.Quisque@gravida.org', '1988-09-20', 1),
(137, 'VU', '16531104-5685', 'Rinah', 'Blackwell', NULL, 12350, '339 Aliquet. Ave', '16640809 5658', 'ipsum.Curabitur.consequat@luctus.ca', '1979-03-06', 1),
(138, 'SM', '16581126-4968', 'Hanna', 'Watson', NULL, 23802, '683-4095 Parturient Avenue', '16750316 3193', 'risus.Duis@gravidanunc.edu', '1982-01-04', 1),
(139, 'TZ', '16550618-8134', 'Meredith', 'Valenzuela', NULL, 137, 'Ap #950-6379 Praesent Av.', '16490625 8712', 'eu@quamquisdiam.net', '1957-03-15', 1),
(140, 'DO', '16830221-5440', 'Arthur', 'Fernandez', NULL, 6608, 'P.O. Box 865, 1675 Ut Rd.', '16940423 6722', 'neque@quam.org', '1980-09-21', 1),
(141, 'LA', '16831222-6502', 'Hayfa', 'Rhodes', NULL, 68873, 'Ap #204-829 Ultricies Rd.', '16310129 6386', 'ut.ipsum@et.com', '1997-07-30', 1),
(142, 'KZ', '16960402-6063', 'Callie', 'Mathews', NULL, 14831, 'P.O. Box 608, 1098 Justo. Rd.', '16170927 2601', 'netus.et@euerat.ca', '1959-05-02', 1),
(143, 'CN', '16830403-0714', 'Nichole', 'Aguilar', NULL, 6425, 'Ap #452-1973 Sagittis Av.', '16410429 1648', 'dui@adipiscingMauris.com', '1970-08-19', 1),
(144, 'MG', '16350219-9320', 'Zeus', 'Bailey', NULL, 152, 'Ap #464-5614 Pede. Street', '16190406 9620', 'Curabitur@volutpatnunc.net', '1983-03-28', 1),
(145, 'VU', '16010627-3261', 'Amir', 'Wheeler', NULL, 12350, 'Ap #929-4673 Et, St.', '16110123 5628', 'quam.Curabitur@Nam.co.uk', '1990-02-17', 1),
(146, 'KN', '16611002-3584', 'Rajah', 'Randall', NULL, 7350, '152-2059 Orci Road', '16480904 3278', 'sed@congueturpis.edu', '1965-03-02', 1),
(147, 'AD', '16621220-1559', 'Zeus', 'Potts', NULL, 16994, 'Ap #836-176 Pede, Ave', '16970625 5339', 'eget@idblanditat.net', '1962-04-09', 1),
(148, 'SA', '16110214-7830', 'Jacob', 'Todd', NULL, 7830, '1830 Eros Ave', '16430819 2832', 'lacus@lectussitamet.co.uk', '1983-09-24', 1),
(149, 'LB', '16880315-7075', 'Graham', 'Schmidt', NULL, 7836, '609-1148 Nec Rd.', '16340915 9856', 'amet.massa.Quisque@Duis.com', '1965-05-01', 1),
(150, 'GI', '16511211-6107', 'Sawyer', 'Bright', NULL, 9651, 'P.O. Box 710, 9032 A, St.', '16590109 5181', 'bibendum.ullamcorper@non.co.uk', '1981-04-03', 1),
(151, 'NC', '16710124-6564', 'Jada', 'Mcneil', NULL, 10057, '294-6383 Felis Rd.', '16980206 8693', 'sem.egestas.blandit@non.com', '1959-04-12', 1),
(152, 'BF', '16830328-8040', 'Luke', 'Collins', NULL, 301, '603 Odio. Av.', '16951025 2431', 'sagittis.semper@et.co.uk', '1962-05-20', 1),
(153, 'PG', '16870809-6436', 'Jena', 'Burgess', NULL, 21341, '452-9660 Magna. Road', '16820925 3635', 'erat.volutpat@Integerid.edu', '1996-09-24', 1),
(154, 'UZ', '16210502-2921', 'Summer', 'Aguilar', NULL, 12039, '9348 Posuere Road', '16590730 0924', 'magna.malesuada.vel@velitQuisquevarius.com', '1970-01-18', 1),
(155, 'TW', '16110504-2798', 'Kerry', 'Marquez', NULL, 7682, 'P.O. Box 955, 394 A Road', '16340326 1294', 'a.scelerisque@ullamcorpereueuismod.org', '2000-09-08', 1),
(156, 'NZ', '16030301-9053', 'Kelsie', 'Olson', NULL, 7609, 'Ap #348-2817 Quis Rd.', '16120326 8568', 'fermentum@Maurisvestibulum.edu', '1972-09-01', 1),
(157, 'NG', '16600914-3238', 'Kylee', 'Dorsey', NULL, 116, 'P.O. Box 102, 4029 Erat Road', '16240401 8497', 'nibh.Quisque.nonummy@id.net', '1952-06-20', 1),
(158, 'CU', '16110312-2345', 'Lois', 'Meyers', NULL, 11958, 'P.O. Box 959, 5529 Sapien St.', '16260912 2300', 'in.cursus@aliquet.co.uk', '1951-10-05', 1),
(159, 'IR', '16090722-2053', 'Wayne', 'Burns', NULL, 7991, 'Ap #834-9681 Magna. Avenue', '16711216 5811', 'feugiat@aliquetlobortis.com', '1982-03-03', 1),
(160, 'SG', '16920719-0399', 'Hedwig', 'Alvarez', NULL, 6735, 'Ap #541-9994 Malesuada St.', '16540124 3802', 'eu@Namacnulla.ca', '1967-08-08', 1),
(161, 'WF', '16010920-5492', 'Latifah', 'Hicks', NULL, 131720, 'Ap #545-9764 Aliquet, Avenue', '16720116 4543', 'velit.Cras@tinciduntcongue.com', '1958-12-14', 1),
(162, 'VE', '16100816-0721', 'Hayfa', 'Ellison', NULL, 6529, '569-1729 Mauris Street', '16631022 2556', 'a.malesuada.id@asollicitudin.org', '1960-11-21', 1),
(163, 'FJ', '16520104-0226', 'Brynn', 'Acosta', NULL, 68904, '6400 Lacus. Street', '16960412 3548', 'Nulla@volutpat.com', '1962-02-24', 1),
(164, 'FJ', '16861014-3250', 'Eugenia', 'Gillespie', NULL, 68904, 'P.O. Box 225, 6122 Aliquam Street', '16340806 7159', 'mattis.Integer.eu@auctornonfeugiat.ca', '1958-11-07', 1),
(165, 'MA', '16651116-6586', 'Xena', 'Clay', NULL, 76, '921-3248 Quis, St.', '16430530 2855', 'eu@tacitisociosquad.org', '1952-12-14', 1),
(166, 'LB', '16651011-7366', 'Rose', 'Burton', NULL, 7836, 'Ap #588-100 Tortor. Ave', '16531212 4653', 'varius.orci@ante.com', '1979-09-04', 1),
(167, 'IS', '16300306-0476', 'Serena', 'Browning', NULL, 7382, '195 Ut St.', '16871125 0145', 'pede.Cras.vulputate@orciDonec.com', '1957-04-15', 1),
(168, 'GW', '16290602-9059', 'Kim', 'Gill', NULL, 10440, 'Ap #363-592 Semper, Rd.', '16250819 3923', 'consequat.dolor@anteNuncmauris.com', '1955-01-24', 1),
(169, 'OM', '16520328-9037', 'Farrah', 'Buchanan', NULL, 7839, 'P.O. Box 423, 8804 Cursus. Rd.', '16060102 6800', 'nec@magnaseddui.edu', '1976-03-24', 1),
(170, 'TC', '16710521-2505', 'Erich', 'Jackson', NULL, 7828, 'P.O. Box 170, 6497 Malesuada St.', '16870113 3673', 'tristique@odio.net', '1974-02-07', 1),
(171, 'RW', '16890906-2690', 'Nyssa', 'Whitney', NULL, 12292, 'P.O. Box 369, 6921 Interdum. Avenue', '16760622 4942', 'vulputate.lacus.Cras@luctuset.org', '1963-02-06', 1),
(172, 'IT', '16090609-2481', 'Risa', 'Walker', NULL, 6552, '930-9762 Quis Road', '16100815 5085', 'ornare.elit.elit@semPellentesqueut.edu', '1975-06-18', 1),
(173, 'SG', '16390322-8835', 'Lamar', 'Little', NULL, 6735, 'Ap #952-8572 Cras St.', '16460915 3541', 'diam.eu@ornarelectus.co.uk', '1982-04-09', 1),
(174, 'LB', '16090207-4947', 'Shaine', 'Buckley', NULL, 7836, 'Ap #732-3628 Quis Road', '16990616 3903', 'non@nec.net', '2000-11-20', 1),
(175, 'CO', '16201114-7374', 'Sonya', 'Grimes', NULL, 6881, 'P.O. Box 777, 5859 Sodales. Av.', '16421202 1044', 'at@tinciduntaliquam.ca', '1962-11-15', 1),
(176, 'RO', '16940402-7402', 'Vance', 'Cooley', NULL, 7723, '889-7520 Vel Road', '16270609 4907', 'Aliquam@maurisut.ca', '1977-12-06', 1),
(177, 'MZ', '16800512-7512', 'Brady', 'Conner', NULL, 36, '4811 Metus. Rd.', '16551008 8544', 'Integer.aliquam@urna.ca', '1995-05-15', 1),
(178, 'AR', '1056160', 'Marcelo', 'Quintas', NULL, 219684, NULL, '51650610', NULL, '1970-07-16', 1),
(179, 'GN', '16960811-2901', 'Cullen', 'Johns', NULL, 7965, '9663 Lacinia Road', '16681106 1065', 'justo@noncursus.ca', '1970-08-10', 1),
(180, 'MM', '16730306-5846', 'Quin', 'Harding', NULL, 70639, '5901 Lectus Street', '16461012 4788', 'tristique.senectus.et@ligula.ca', '1951-11-10', 1),
(181, 'CX', '16910530-0983', 'Christian', 'Dawson', NULL, 220772, '241-2635 Leo. St.', '16480802 2638', 'neque.sed@acfeugiat.edu', '1998-06-03', 1),
(182, 'MA', '16190728-1297', 'Uriah', 'Mccoy', NULL, 76, 'Ap #290-8758 Arcu. St.', '16780529 4837', 'ut.lacus@nequevitaesemper.com', '1990-11-15', 1),
(183, 'GA', '16151229-5765', 'Yuri', 'Becker', NULL, 35, 'P.O. Box 616, 1965 Malesuada. Road', '16020812 1558', 'eleifend@Quisque.net', '1991-04-23', 1),
(184, 'ET', '16711028-1883', 'Dale', 'Pratt', NULL, 6606, '2687 Elit Rd.', '16071220 2944', 'dui.in.sodales@Cum.edu', '1950-11-12', 1),
(185, 'ZA', '16280328-7099', 'Patrick', 'Fowler', NULL, 1, 'Ap #415-1816 Tortor, Street', '16810207 0342', 'Duis.ac@Maecenas.net', '1960-08-01', 1),
(186, 'MM', '16750312-5150', 'Curran', 'Leon', NULL, 70639, 'P.O. Box 147, 5499 Interdum St.', '16440808 6439', 'malesuada.fringilla@egetodioAliquam.net', '1989-03-04', 1),
(187, 'MO', '16100617-1118', 'Rhonda', 'Hicks', NULL, 10092, 'P.O. Box 141, 1008 Hendrerit Rd.', '16150408 1942', 'felis@aultriciesadipiscing.co.uk', '1950-08-14', 1),
(188, 'CK', '16561214-9814', 'Vivian', 'Serrano', NULL, 10710, '121-4074 Non, Avenue', '16430125 7467', 'sapien.Nunc.pulvinar@varius.edu', '1986-08-09', 1),
(189, 'MQ', '16970720-5903', 'Dorothy', 'Powers', NULL, 22972, 'P.O. Box 410, 8291 Diam Road', '16670401 1433', 'ullamcorper.viverra.Maecenas@parturientmontesnascetur.net', '1989-05-28', 1),
(190, 'SE', '16551024-0350', 'Valentine', 'Blackwell', NULL, 6393, 'P.O. Box 808, 9073 Ac St.', '16960207 4453', 'Nunc.ullamcorper.velit@luctusCurabituregestas.edu', '1970-02-06', 1),
(191, 'AT', '16950411-4332', 'Zephr', 'Flynn', NULL, 6577, 'Ap #238-8655 Sed Av.', '16120416 6639', 'amet.consectetuer@magna.net', '1966-09-01', 1),
(192, 'MW', '16780828-8588', 'Kendall', 'Benjamin', NULL, 275, '256-4360 Ultricies Road', '16981122 0707', 'interdum.feugiat.Sed@Nullamvelit.edu', '1970-09-24', 1),
(193, 'AF', '16850414-8399', 'Patrick', 'Golden', NULL, 10998, '3604 Nunc Rd.', '16990522 8533', 'ut.eros@ornareelitelit.ca', '1988-03-24', 1),
(194, 'JM', '16580628-9640', 'Knox', 'Trevino', NULL, 6599, '141-875 Justo Av.', '16510314 8812', 'congue.a.aliquet@tellusSuspendisse.net', '1999-08-29', 1),
(195, 'SD', '16821220-2918', 'Daniel', 'White', NULL, 119, 'P.O. Box 163, 3067 Nam Avenue', '16961104 0362', 'porta@est.edu', '1954-03-15', 1),
(196, 'GH', '16211017-5409', 'Nicole', 'Garcia', NULL, 63, '806-5956 Aenean Road', '16490407 2685', 'varius.et.euismod@tristique.ca', '1980-03-13', 1),
(197, 'KN', '16411007-3279', 'Emery', 'Stokes', NULL, 7350, '696 Libero Road', '16591120 8048', 'est.arcu.ac@scelerisquelorem.org', '1982-08-18', 1),
(198, 'PE', '16390830-4219', 'Chelsea', 'Olson', NULL, 6611, 'Ap #111-4258 Dignissim. Avenue', '16201127 4301', 'elit.pede.malesuada@Etiam.ca', '1966-02-04', 1),
(199, 'PR', '16860601-1883', 'Imogene', 'Welch', NULL, 603, 'P.O. Box 861, 2534 Porta Avenue', '16951205 9016', 'ligula@accumsanlaoreet.ca', '1973-01-03', 1),
(200, 'SR', '16050216-8701', 'Blossom', 'Moses', NULL, 7912, '592-6772 Et Rd.', '16100904 2910', 'lobortis.augue.scelerisque@suscipit.ca', '1985-07-09', 1),
(201, 'GW', '16271201-1846', 'Elaine', 'Dean', NULL, 10440, '735-8473 Integer Road', '16700103 9226', 'eu.enim@placerateget.com', '1997-09-06', 1),
(202, 'TN', '16351211-0523', 'Ria', 'Castro', NULL, 73, 'P.O. Box 639, 6181 Dolor Ave', '16420529 3931', 'orci.lobortis@nonante.net', '1965-07-02', 1),
(203, 'BN', '16690614-4099', 'Brenna', 'Petty', NULL, 8289, 'Ap #247-379 Ipsum Street', '16130501 4928', 'lorem.sit@nascetur.net', '1971-04-07', 1),
(204, 'KM', '16640808-1138', 'Beck', 'Head', NULL, 31165, 'P.O. Box 985, 9288 Quam. Rd.', '16790806 5845', 'ultrices.mauris@velitCraslorem.com', '1997-01-15', 1),
(205, 'NG', '16400929-5280', 'Xena', 'Cole', NULL, 116, 'Ap #891-5998 Leo, Rd.', '16541222 5962', 'nisi@aaliquetvel.edu', '1974-06-01', 1),
(206, 'LS', '16880203-1180', 'Edan', 'Shaw', NULL, 237, '517-1407 Morbi Rd.', '16470721 2199', 'Aenean.eget.magna@egetvarius.ca', '1967-10-25', 1),
(207, 'DE', '16770802-9223', 'Scarlett', 'Jacobs', NULL, 2270, 'Ap #240-716 Egestas Rd.', '16381128 5018', 'primis.in@luctusipsum.org', '1986-08-05', 1),
(208, 'BT', '16590124-5844', 'Seth', 'Davenport', NULL, 70253, 'Ap #727-4512 Lorem Ave', '16831225 3217', 'nisi.Cum@feugiatSednec.edu', '1957-12-11', 1),
(209, 'ZM', '16801017-5118', 'Mohammad', 'Green', NULL, 121, 'P.O. Box 213, 8834 Nulla. Ave', '16060903 9490', 'Mauris.vestibulum@CurabiturmassaVestibulum.co.uk', '1970-05-12', 1),
(210, 'TO', '16020803-2342', 'Irene', 'Tillman', NULL, 105018, 'Ap #873-2175 Accumsan St.', '16540103 0514', 'tristique.aliquet@quis.com', '1958-04-22', 1),
(211, 'CR', '16670609-2324', 'Zeus', 'Alexander', NULL, 7311, 'Ap #929-9915 Luctus Rd.', '16241209 0843', 'congue@porttitortellus.edu', '1988-03-22', 1),
(212, 'SL', '16471121-8661', 'Catherine', 'Aguirre', NULL, 6915, 'Ap #258-9775 Augue Av.', '16191027 0196', 'nec@rutrum.com', '1960-08-31', 1),
(213, 'NZ', '16780716-0531', 'Erica', 'Rosario', NULL, 7609, '221-7322 Arcu. Rd.', '16300108 0245', 'dapibus@fringillaporttitor.ca', '1995-06-29', 1),
(214, 'UZ', '16650206-5714', 'Bell', 'Wood', NULL, 12039, 'P.O. Box 495, 3004 Scelerisque St.', '16531121 9264', 'Sed.dictum@nuncinterdum.co.uk', '1964-12-05', 1),
(215, 'GN', '16080821-8762', 'Honorato', 'Griffith', NULL, 7965, 'P.O. Box 924, 9040 Sed, St.', '16110428 4839', 'eget.odio.Aliquam@pharetra.net', '1978-02-18', 1),
(216, 'BR', '16531102-8145', 'Zoe', 'Rutledge', NULL, 7312, 'Ap #193-3093 Morbi Rd.', '16700613 9088', 'ligula@aauctor.net', '1965-10-18', 1);

-- --------------------------------------------------------

--
-- Estructura de tabla para la tabla `paises`
--

DROP TABLE IF EXISTS `paises`;
CREATE TABLE IF NOT EXISTS `paises` (
  `codigo` char(2) NOT NULL COMMENT 'Código País',
  `pais` varchar(50) NOT NULL COMMENT 'País',
  PRIMARY KEY (`codigo`)
) ENGINE=InnoDB DEFAULT CHARSET=utf8 PACK_KEYS=0 ROW_FORMAT=COMPACT;

--
-- RELACIONES PARA LA TABLA `paises`:
--

--
-- Volcado de datos para la tabla `paises`
--

INSERT INTO `paises` (`codigo`, `pais`) VALUES
('AD', 'Andorra'),
('AE', 'United Arab Emirates'),
('AF', 'Afghanistan'),
('AG', 'Antigua and Barbuda'),
('AI', 'Anguilla'),
('AL', 'Albania'),
('AM', 'Armenia'),
('AN', 'Netherlands Antilles'),
('AO', 'Angola'),
('AQ', 'Antarctica'),
('AR', 'Argentina'),
('AS', 'American Samoa'),
('AT', 'Austria'),
('AU', 'Australia'),
('AW', 'Aruba'),
('AX', 'Åland Islands'),
('AZ', 'Azerbaijan'),
('BA', 'Bosnia and Herzegovina'),
('BB', 'Barbados'),
('BD', 'Bangladesh'),
('BE', 'Belgium'),
('BF', 'Burkina Faso'),
('BG', 'Bulgaria'),
('BH', 'Bahrain'),
('BI', 'Burundi'),
('BJ', 'Benin'),
('BL', 'Saint Barthélemy'),
('BM', 'Bermuda Islands'),
('BN', 'Brunei'),
('BO', 'Bolivia'),
('BR', 'Brazil'),
('BS', 'Bahamas'),
('BT', 'Bhutan'),
('BV', 'Bouvet Island'),
('BW', 'Botswana'),
('BY', 'Belarus'),
('BZ', 'Belize'),
('CA', 'Canada'),
('CC', 'Cocos (Keeling) Islands'),
('CD', 'Congo'),
('CF', 'Central African Republic'),
('CG', 'Congo'),
('CH', 'Switzerland'),
('CI', 'Ivory Coast'),
('CK', 'Cook Islands'),
('CL', 'Chile'),
('CM', 'Cameroon'),
('CN', 'China'),
('CO', 'Colombia'),
('CR', 'Costa Rica'),
('CU', 'Cuba'),
('CV', 'Cape Verde'),
('CX', 'Christmas Island'),
('CY', 'Cyprus'),
('CZ', 'Czech Republic'),
('DE', 'Germany'),
('DJ', 'Djibouti'),
('DK', 'Denmark'),
('DM', 'Dominica'),
('DO', 'Dominican Republic'),
('DZ', 'Algeria'),
('EC', 'Ecuador'),
('EE', 'Estonia'),
('EG', 'Egypt'),
('EH', 'Western Sahara'),
('ER', 'Eritrea'),
('ES', 'Spain'),
('ET', 'Ethiopia'),
('FI', 'Finland'),
('FJ', 'Fiji'),
('FK', 'Falkland Islands (Malvinas)'),
('FM', 'Estados Federados de'),
('FO', 'Faroe Islands'),
('FR', 'France'),
('GA', 'Gabon'),
('GB', 'United Kingdom'),
('GD', 'Grenada'),
('GE', 'Georgia'),
('GF', 'French Guiana'),
('GG', 'Guernsey'),
('GH', 'Ghana'),
('GI', 'Gibraltar'),
('GL', 'Greenland'),
('GM', 'Gambia'),
('GN', 'Guinea'),
('GP', 'Guadeloupe'),
('GQ', 'Equatorial Guinea'),
('GR', 'Greece'),
('GS', 'South Georgia and the South Sandwich Islands'),
('GT', 'Guatemala'),
('GU', 'Guam'),
('GW', 'Guinea-Bissau'),
('GY', 'Guyana'),
('HK', 'Hong Kong'),
('HM', 'Heard Island and McDonald Islands'),
('HN', 'Honduras'),
('HR', 'Croatia'),
('HT', 'Haiti'),
('HU', 'Hungary'),
('ID', 'Indonesia'),
('IE', 'Ireland'),
('IL', 'Israel'),
('IM', 'Isle of Man'),
('IN', 'India'),
('IO', 'British Indian Ocean Territory'),
('IQ', 'Iraq'),
('IR', 'Iran'),
('IS', 'Iceland'),
('IT', 'Italy'),
('JE', 'Jersey'),
('JM', 'Jamaica'),
('JO', 'Jordan'),
('JP', 'Japan'),
('KE', 'Kenya'),
('KG', 'Kyrgyzstan'),
('KH', 'Cambodia'),
('KI', 'Kiribati'),
('KM', 'Comoros'),
('KN', 'Saint Kitts and Nevis'),
('KP', 'North Korea'),
('KR', 'South Korea'),
('KW', 'Kuwait'),
('KY', 'Cayman Islands'),
('KZ', 'Kazakhstan'),
('LA', 'Laos'),
('LB', 'Lebanon'),
('LC', 'Saint Lucia'),
('LI', 'Liechtenstein'),
('LK', 'Sri Lanka'),
('LR', 'Liberia'),
('LS', 'Lesotho'),
('LT', 'Lithuania'),
('LU', 'Luxembourg'),
('LV', 'Latvia'),
('LY', 'Libya'),
('MA', 'Morocco'),
('MC', 'Monaco'),
('MD', 'Moldova'),
('ME', 'Montenegro'),
('MF', 'Saint Martin (French part)'),
('MG', 'Madagascar'),
('MH', 'Marshall Islands'),
('MK', 'Macedonia'),
('ML', 'Mali'),
('MM', 'Myanmar'),
('MN', 'Mongolia'),
('MO', 'Macao'),
('MP', 'Northern Mariana Islands'),
('MQ', 'Martinique'),
('MR', 'Mauritania'),
('MS', 'Montserrat'),
('MT', 'Malta'),
('MU', 'Mauritius'),
('MV', 'Maldives'),
('MW', 'Malawi'),
('MX', 'Mexico'),
('MY', 'Malaysia'),
('MZ', 'Mozambique'),
('NA', 'Namibia'),
('NC', 'New Caledonia'),
('NE', 'Niger'),
('NF', 'Norfolk Island'),
('NG', 'Nigeria'),
('NI', 'Nicaragua'),
('NL', 'Netherlands'),
('NO', 'Norway'),
('NP', 'Nepal'),
('NR', 'Nauru'),
('NU', 'Niue'),
('NZ', 'New Zealand'),
('OM', 'Oman'),
('PA', 'Panama'),
('PE', 'Peru'),
('PF', 'French Polynesia'),
('PG', 'Papua New Guinea'),
('PH', 'Philippines'),
('PK', 'Pakistan'),
('PL', 'Poland'),
('PM', 'Saint Pierre and Miquelon'),
('PN', 'Pitcairn Islands'),
('PR', 'Puerto Rico'),
('PS', 'Palestine'),
('PT', 'Portugal'),
('PW', 'Palau'),
('PY', 'Paraguay'),
('QA', 'Qatar'),
('RE', 'Réunion'),
('RO', 'Romania'),
('RS', 'Serbia'),
('RU', 'Russia'),
('RW', 'Rwanda'),
('SA', 'Saudi Arabia'),
('SB', 'Solomon Islands'),
('SC', 'Seychelles'),
('SD', 'Sudan'),
('SE', 'Sweden'),
('SG', 'Singapore'),
('SH', 'Ascensión y Tristán de Acuña'),
('SI', 'Slovenia'),
('SJ', 'Svalbard and Jan Mayen'),
('SK', 'Slovakia'),
('SL', 'Sierra Leone'),
('SM', 'San Marino'),
('SN', 'Senegal'),
('SO', 'Somalia'),
('SR', 'Suriname'),
('ST', 'Sao Tome and Principe'),
('SV', 'El Salvador'),
('SY', 'Syria'),
('SZ', 'Swaziland'),
('TC', 'Turks and Caicos Islands'),
('TD', 'Chad'),
('TF', 'French Southern Territories'),
('TG', 'Togo'),
('TH', 'Thailand'),
('TJ', 'Tajikistan'),
('TK', 'Tokelau'),
('TL', 'East Timor'),
('TM', 'Turkmenistan'),
('TN', 'Tunisia'),
('TO', 'Tonga'),
('TR', 'Turkey'),
('TT', 'Trinidad and Tobago'),
('TV', 'Tuvalu'),
('TW', 'Taiwan'),
('TZ', 'Tanzania'),
('UA', 'Ukraine'),
('UG', 'Uganda'),
('UM', 'United States Minor Outlying Islands'),
('US', 'United States of America'),
('UY', 'Uruguay'),
('UZ', 'Uzbekistan'),
('VA', 'Vatican City State'),
('VC', 'Saint Vincent and the Grenadines'),
('VE', 'Venezuela'),
('VG', 'Virgin Islands'),
('VI', 'United States Virgin Islands'),
('VN', 'Vietnam'),
('VU', 'Vanuatu'),
('WF', 'Wallis and Futuna'),
('WS', 'Samoa'),
('YE', 'Yemen'),
('YT', 'Mayotte'),
('ZA', 'South Africa'),
('ZM', 'Zambia'),
('ZW', 'Zimbabwe');

-- --------------------------------------------------------

--
-- Estructura de tabla para la tabla `usuarios`
--

DROP TABLE IF EXISTS `usuarios`;
CREATE TABLE IF NOT EXISTS `usuarios` (
  `id` int(11) NOT NULL AUTO_INCREMENT,
  `usuario` varchar(50) CHARACTER SET utf8 COLLATE utf8_general_ci NOT NULL,
  `contrasena` varchar(100) CHARACTER SET utf8 COLLATE utf8_general_ci NOT NULL COMMENT 'Contraseña',
  `nombre` varchar(100) CHARACTER SET utf8 COLLATE utf8_general_ci NOT NULL COMMENT 'Nombre completo del usuario',
  `ultima_contrasena` varchar(100) CHARACTER SET utf8 COLLATE utf8_general_ci DEFAULT NULL COMMENT 'Última contraseña utilizada',
  `nivel` tinyint(1) NOT NULL DEFAULT '0' COMMENT 'Nivel de acceso',
  `bloqueado` tinyint(1) NOT NULL DEFAULT '0' COMMENT 'Define si la cuenta está bloqueada',
  `motivo_bloqueo` varchar(255) CHARACTER SET utf8 COLLATE utf8_general_ci DEFAULT NULL COMMENT 'Descripción del motivo del bloqueo',
  `intentos` tinyint(1) UNSIGNED NOT NULL DEFAULT '0' COMMENT 'Número de intentos fallidos de acceso',
  `ultimo_intento` datetime DEFAULT NULL COMMENT 'Fecha y hora del ultimo intento de acceso',
  `ultimo_acceso` datetime DEFAULT NULL COMMENT 'Fecha y hora del último acceso',
  `ultimo_cambio` date NOT NULL COMMENT 'Fecha último cambio de contraseña',
  `duracion_contrasena` smallint(3) NOT NULL DEFAULT '120' COMMENT 'Vigencia en días de la contraseña',
  `vence` date NOT NULL COMMENT 'Fecha de vencimiento de la cuenta',
  `cookie` varchar(255) CHARACTER SET utf8 COLLATE utf8_general_ci DEFAULT NULL COMMENT 'Nombre de la cookie de acceso',
  `creacion` date NOT NULL COMMENT 'Fecha de creación de la cuenta',
  `modificacion` datetime NOT NULL COMMENT 'Fecha de última modificación',
  PRIMARY KEY (`id`),
  UNIQUE KEY `usuario` (`usuario`) USING BTREE
) ENGINE=InnoDB DEFAULT CHARSET=utf32;

--
-- RELACIONES PARA LA TABLA `usuarios`:
--

--
-- Volcado de datos para la tabla `usuarios`
--

INSERT INTO `usuarios` (`id`, `usuario`, `contrasena`, `nombre`, `ultima_contrasena`, `nivel`, `bloqueado`, `motivo_bloqueo`, `intentos`, `ultimo_intento`, `ultimo_acceso`, `ultimo_cambio`, `duracion_contrasena`, `vence`, `cookie`, `creacion`, `modificacion`) VALUES
(1, 'admin', '18714b4888d441f3bb0bf160deb02d51', 'Administrador', '223475b82eda456d5979f6155488591e', 1, 0, NULL, 0, '2017-03-29 16:41:13', '2017-03-29 16:41:20', '2017-03-27', 120, '2099-12-01', NULL, '2017-03-27', '2017-03-27 22:39:00');

--
-- Restricciones para tablas volcadas
--

--
-- Filtros para la tabla `ciudades`
--
ALTER TABLE `ciudades`
  ADD CONSTRAINT `ciudades_fk1` FOREIGN KEY (`codigo_pais`) REFERENCES `paises` (`codigo`) ON UPDATE CASCADE;

--
-- Filtros para la tabla `contactos`
--
ALTER TABLE `contactos`
  ADD CONSTRAINT `contactos_fk1` FOREIGN KEY (`pais`) REFERENCES `paises` (`codigo`) ON UPDATE CASCADE,
  ADD CONSTRAINT `contactos_fk2` FOREIGN KEY (`ciudad`) REFERENCES `ciudades` (`id`) ON UPDATE CASCADE;
SET FOREIGN_KEY_CHECKS=1;

/*!40101 SET CHARACTER_SET_CLIENT=@OLD_CHARACTER_SET_CLIENT */;
/*!40101 SET CHARACTER_SET_RESULTS=@OLD_CHARACTER_SET_RESULTS */;
/*!40101 SET COLLATION_CONNECTION=@OLD_COLLATION_CONNECTION */;
